areacd,name,value,
E01011949,Hartlepool 009A,34.86588921,
E01011950,unknown,16.97169811,
