areacd,name,value,decile
E01011949,Hartlepool 009A,34.86588921,3
E01011950,unknown,16.97169811,4
