areacd,value,
E01011949,34.86588921,
E01011950,16.97169811,
E01011951,13.76744186,
E01011952,27.64556962,
E01011953,31.11367127,
E01011954,29.17247098,
